Class,Mean Probability
0,0.20985168
1,0.32595664
2,0.46419162
